1,PARTIDAS
100,FASES
10003,INGENIERIA BASICA Y ESTUDIOS DEFINITIVOS
1000380,GESTION AMBIENTAL
100038062,"ESTUDIO Y MONITOREO AMBIENTAL DEL PROYECTO (LP, RP Y RS) POR ESPECIALISTAS AMBIENTALES"
10003806205,ELABORACION Y APROBACION DE LA DECLARACION DE IMPACTO AMBIENTAL
10005,"SEGURIDAD, HIGIENE OCUPACIONAL Y MITIGACION DE IMPACTO AMBIENTAL"
1000501,SEGURIDAD EN OBRA
100050102,CERCO DE MALLA HDP PARA LIMITE DE SEGURIDAD DE OBRA
10005010201,CERCO DE MALLA HDP 1 M DE ALTURA PARA LIMITE DE SEGURIDAD DE OBRA
100050121,DELIMITACIÓN CON CINTA PLASTICA SEÑALIZADORA PARA LIMITE DE SEGURIDAD DE OBRA
10005012101,CINTA PLASTICA SEÑALIZADORA PARA LIMITE DE SEGURIDAD DE OBRA-SEDAPAL
100050153,INSTALACIÓN DE PUENTE DE MADERA PARA PASE PEATONAL SOBRE ZANJA SEGUN DISEÑO
10005015302,PUENTE DE MADERA PARA PASE PEATONAL SOBRE ZANJA S/D (PROV. DURANTE OBRA)
100050164,SEGURIDAD EN LA CONSTRUCCION
10005016401,SEGURIDAD EN LA CONSTRUCCION
100050172,TRASLADO E INSTALACIÓN DE TRANQUERA TIPO TIJERA PARA SEÑAL DE PELIGRO
10005017202,"TRANQUERA TIPO TIJERA DE 2,40M x 1,20M PARA SEÑAL DE PELIGRO (PROV. DURANTE OBRA)"
1000520,SEÑALETICA
100052006,SEÑAL INFORMATIVA DE OBRA
10005200601,SEÑAL INFORMATIVA DE OBRA
1000560,MEDIO AMBIENTE (ISO 14000)
100056020,ESTUDIO Y MONITOREO AMBIENTAL DEL PROYECTO
10005602001,ESTUDIO Y MONITOREO AMBIENTAL DEL PROYECTO
100056026,MITIGACION DE IMPACTOS AMBIENTALES
10005602601,MITIGACION DE IMPACTOS AMBIENTALES
10009,OBRAS PROVISIONALES Y TRABAJOS PRELIMINARES
1000906,MOVILIZACION Y DESMOVILIZACION
100090605,MOVILIZACIÓN Y DESMOVILIZACIÓN DE EQUIPO Y HERRAMIENTAS
10009060550,MOVILIZACION Y DESMOVILIZACION DE EQUIPOS Y HERRAMIENTAS
1000910,LIMPIEZA DE TERRENO
100091017,DESBROCE Y LIMPIEZA EN ZONAS BOSCOSAS
10009101701,DESBROCE Y LIMPIEZA EN ZONAS BOSCOSAS
100091025,LIMPIEZA Y ENCAUZAMIENTO DE CAUCE
10009102501,LIMPIEZA Y ENCAUZAMIENTO DE CAUCE 
1000914,CAMPAMENTO Y/O OFICINAS
100091403,CAMPAMENTO PROVISIONAL PARA LA OBRA
10009140310,CAMPAMENTO PROVISIONAL PARA LA OBRA
100091405,CONSTRUCCION PROVISIONAL PARA OBRA
10009140505,"ALMACEN, OFICINAS, CASETA DE GUARDIANIA Y COMEDOR"
100091406,CONSTRUCCION PROVISIONAL PARA OBRA
10009140601,"ALMACENES, OFICINA Y CASETA DE GUARDIANIA"
10009140603,"ALMACENES, OFICINA Y CASETA DE GUARDIANIA OBRA  2"
10009140604,"ALMACENES, OFICINA Y CASETA DE GUARDIANIA OBRA  3"
100091451,CONSTRUCCIÓN PROVISIONAL PARA SERVICIOS  DE DUCHA Y LAVADERO
10009145101,SERVICIOS HIGIENICOS
100091455,CONSTRUCCIÓN TANQUE DE AGUA PROVISIONAL PARA LA OBRA
10009145504,CONSTRUCCION TANQUE DE AGUA PROVISIONAL DE 4 M3 PARA LA OBRA (EN CAMPAMENTO)
10009145511,CONSTRUCCION TANQUE - POZA DE AGUA PROVISIONAL
1000918,CARTEL DE IDENTIFICACION DE OBRA
100091805,CARTEL DE IDENTIFICACIÓN DE LA OBRA
10009180580,CARTEL DE IDENTIFICACION DE OBRA
1000922,TRAZO NIVELACION Y REPLANTEO
100092202,TRAZO Y REPLANTEO
10009220253,TRAZO Y REPLANTEO PRELIMINAR
100092207,TRAZO Y REPLANTEO INICIAL  DEL PROYECTO DE OBRA
10009220702,TRAZO Y REPLANTEO INICIAL  
100092231,"TRAZO Y REPLANTEO INICIAL DEL PROYECTO,  PARA LÍNEAS-REDES"
10009223101,"TRAZO Y REPLANTEO INICIAL DEL PROYECTO, PARA LINEAS-REDES CON ESTACION TOTAL"
100092279,TRAZO Y REPLANTEO INICIAL PARA CONEXIÓN  DOMICILIARIA
10009227901,TRAZO Y REPLANTEO INICIAL PARA CONEXIÓN  DOMICILIARIA  
10009227902,TRAZO Y REPLANTEO FINAL PARA CONEXIONES DOMICILIARIAS DE AGUA POTABLE  
1000924,TRAZO NIVELACION Y REPLANTEO
100092456,"REPLANTEO FINAL DE LA OBRA, PARA LÍNEAS  ELÉCTRICAS"
10009245610,REPLANTEO TOPOGRAFICO Y UBICACION DE ESTRUCTURAS DE REDES SECUNDARIAS
100092479,REPLANTEO FINAL DE LA OBRA PARA CONEXIÓN DOMICILIARIA
10009247901,REPLANTEO FINAL DE LA OBRA PARA CONEXIÓN DOMICILIARIA  
1000927,DEMOLICIONES Y ELIMINACION DE ESCOMBROS II
100092768,"ELIMINACIÓN DE DESMONTE, BASURA Y MALEZA CON CARGADOR FRONTAL Y VOLQUETE"
10009276872,"ELIMINACION DE DESMONTE A DME, d<=1 km "
10010,"MOVIMIENTOS  DE TIERRA I: EXCAVACIONES, CORTES Y REFINES"
1001001,EXCAVACION Y CORTE EN GENERAL
100100110,EXCAVACION PARA ESTRUCTURAS EN MATERIAL COMUN
10010011002,EXCAVACION MANUAL PARA ESTRUCTURAS
100100120,EXCAVACION PARA ESTRUCTURAS EN MATERIAL SUELTO
10010012001,EXCAVACION PARA ESTRUCTURAS EN MATERIAL SUELTO
10010012052,EXCAVACION ESTRUCTURAL CON EQUIPO EN TERRENO ROCA SUELTA
1001002,EXCAVACION LOCALIZADA EN TERRENO NORMAL I
100100201,EXCAVACION MANUAL
10010020184,EXCAVACION MANUAL EN T. NORMAL
100100203,EXCAVACIONES EN TERRENO NORMAL CON CARGADOR RETROEXCAVADOR 0.50 - 0.75YD3
10010020301,EXCAVACIONES EN TERRENO NORMAL CON CARGADOR RETROEXCAVADOR 0.50 - 0.75YD3
100100204,EXCAVACIONES EN TERRENO NORMAL CON CARGADOR RETROEXCAVADOR 0.50 - 1.30YD3
10010020402,EXCAVACIONES EN TERRENO NORMAL CON EQUIPO
100100221,EXCAVACIONES DE ZANJAS PARA CIMIENTOS/ZAPATAS
10010022152,EXCAVACION DE ZANJAS
1001004,EXCAVACION LOCALIZADA EN TERRENO SEMIROCOSO Y ROCOSO
100100455,EXCAVACIONES TERRENO ROCOSO C/COMPRESORA HASTA 1.00M PROF (SIN EMPLEAR EXPLOSIVO)
10010045502,EXCAVACIONES EN TERRENO ROCOSO CON EQUIPO
1001005,EXCAVACION ZANJAS EN TERRENO NORMAL A MAQUINA I
100100527,EXCAVACION. ZANJA( MAQ) P/TUB. TERR-NORMAL DN 200-250 DE 1.26 M A 1.50 M PROF.
10010052701,EXCAVACION. ZANJA( MAQ) P/TUB. TERR-NORMAL DN 200-250 DE 1.26 M A 1.50 M PROF.
100100529,EXCAVACION. ZANJA( MAQ) P/TUB. TERR-NORMAL DN 200-250 DE 1.76 M A 2.00 M PROF.
10010052901,EXCAVACION. ZANJA( MAQ) P/TUB. TERR-NORMAL DN 200-250 DE 1.76 M A 2.00 M PROF.
100100533,EXCAVACION. ZANJA( MAQ) P/TUB. TERR-NORMAL DN 200-250 DE 3.51 M A 4.00 M PROF.
10010053301,EXCAVACION. ZANJA( MAQ) P/TUB. TERR-NORMAL DN 200-250 DE 3.51 M A 4.00 M PROF.
1001008,EXCAVACION ZANJAS EN TERRENO NORMAL A PULSO I
100100803,"EXCAV. ZANJA (PULSO) P/TUB. TERR-NORMAL  DN   15 -   40  DE 0,30 M A 0,50 M PROF."
10010080301,"EXCAV. ZANJA (PULSO) P/TUB. TERR-NORMAL  DN   15 -   40  DE 0,30 M A 0,50 M PROF."
100100823,"EXCAV. ZANJA (PULSO) P/TUB. TERR-NORMAL  DN  100 -  150  DE 1,26 M A 1,50 M PROF."
10010082301,"EXCAV. ZANJA (PULSO) P/TUB. TERR-NORMAL  DN  100 -  150  DE 1,26 M A 1,50 M PROF."
1001051,EXCAVACIONES-CORTES MASIVOS
100105103,EXCAVACIONES-CORTES EN TERRENO NORMAL CON TRACTOR
10010510305,EXCAVACION
1001068,"REFINE,  NIVELACION DE ZANJA EN TERRENO NORMAL"
100106805,REFINE Y NIVEL DE ZANJA T-NORMAL P/TUB. DN   15 -   40  PARA TODA PROFUND.
10010680505,REFINE Y NIVEL DE ZANJA T-NORMAL P/TUB. DN   15 -   40  PARA TODA PROFUND. (a=0.40M)
100106807,REFINE Y NIVEL DE ZANJA T-NORMAL P/TUB. DN   100 - 150  PARA TODA PROFUND.
10010680701,REFINE Y NIVEL DE ZANJA T-NORMAL P/TUB. DN   100 - 150  PARA TODA PROFUND.
100106808,REFINE Y NIVEL DE ZANJA T-NORMAL P/TUB. DN   200 -  250 PARA TODA PROFUND.
10010680801,REFINE Y NIVEL DE ZANJA T-NORMAL P/TUB. DN   200 -  250 PARA TODA PROFUND.
100106809,REFINE Y NIVEL DE ZANJA T-NORMAL P/TUB. DN   300 -  350 PARA TODA PROFUND.
10010680910,REFINE Y NIVEL DE ZANJA T-NORMAL P/TUB. DN   300 -  350 PARA TODA PROFUND.
1001080,"REFINE, NIVELACION Y COMPACTACION LOCALIZADA Y EN EXPLANACIONES"
100108005,"REFINE,NIVELACIÓN Y COMPACTACIÓN T.NORMAL  CON MOTONIVELADORA DE 125 HP (120G)"
10010800503,"REFINE,NIVELACIÓN Y COMPACTACIÓN CON EQUIPO"
100108008,"REFINE, NIVELACION  COMPACTACION EN TERRENO NORMAL A PULSO"
10010800801,"REFINE, NIVELACION  COMPACTACION EN TERRENO NORMAL A PULSO  "
100108029,"REFINE, NIVELACIÓN Y COMPACTACIÓN EN TERRENO NORMAL DELEZNABLE SATURADO A PULSO"
10010802901,"REFINE, NIVELACIÓN Y COMPACTACIÓN EN TERRENO NORMAL DELEZNABLE SATURADO A PULSO"
100108055,"PERFILADO, NIVELACION Y COMPACTACION DE LA SUB-RASANTE EN ZONAS DE CORTE"
10010805505,PERFILADO Y CONFORMACION DE SUB RASANTE
1001087,ENCAUZAMIENTO Y PROTECCION DE ESTRUCTURAS
100108720,EMBOQUILLADO DE PIEDRA E = 0.20M
10010872001,EMBOQUILLADO DE PIEDRA 
100108760,GAVION TIPO CAJA
10010876005,GAVION TIPO CAJA 5.0x1.0x1.0M
10010876006,GAVION TIPO CAJA 5.0x1.5x1.0M
1001096,BOMBEO DE AGUA
100109606,BOMBEO DE AGUA EN TERRENO SATURADO CON EMPLEO DE MOTOBOMBA DN100
10010960601,BOMBEO DE AGUA EN TERRENO SATURADO CON EMPLEO DE MOTOBOMBA DN100
10011,"MOVIMIENTO  DE TIERRA II: RELLENOS, ACARREO Y ELIMINACION DE MATERIAL"
1001101,RELLENO Y COMPACTACION LOCALIZADA  TERRENO NORMAL
100110101,RELLENO COMPACTADO CON MATERIAL PROPIO
10011010101,RELLENO COMPACTADO CON MATERIAL PROPIO
10011010102,RELLENO CON MATERIAL PROPIO
1001101015,"SUMINISTRO E INSTALACION DE GRAVA CANTO RODADO 3/4"" - 1/2"""
10011010150,RELLENO COMPACTADO MATERIAL PROPIO SELECCIONADO EQUIPO LIVIANO
100110102,RELLANO COMPACTADO CON MATERIAL DE PRESTAMO
1001101021,RELLENO  DE ZANJA CON MATERIAL SELECCIONADO
10011010217,RELLENO COMPACTADO CON MATERIAL DE PRESTAMO SELECCIONADO CON MAQUINARIA
10011010218,RELLENO COMPACTADO CON MATERIAL DE PRESTAMO AFIRMADO CON MAQUINARIA
100110103,RELLENO COMPACTADO EN TERRENO NORMAL (ZARANDEADO Y/O ESCOGIDO) CON MAQUINARIA
10011010301,RELLENO COMPACTADO EN TERRENO NORMAL (ZARANDEADO Y/O ESCOGIDO) CON MAQUINARIA.
100110155,NIVELACION Y APISONADO
10011015550,NIVELACION INTERIOR Y COMPACTACION CON EQUIPO LIVIANO
10011015553,NIVELACION INTERIOR Y APISONADO
100110160,CAMA DE APOYO E=0.20M
10011016050,CAMA DE ARENA FINA E=0.20M
10011016052,"CAMA DE APOYO P/TUB.  CON ARENA , E=0.10M"
1001104,PARTIDAS BASICAS DE RELLENO DE ZANJAS
100110404,CAMA DE APOYO EN ZANJAS
10011040416,"MATERIAL PROPIO ZARANDEADO ""TIPO SELECTO"" (PROVISION Y COLOCACION)"
10011040437,"MATERIAL DE PRESTAMO SELECTO ""ARENA SILICEA"" (INCL. COLOCACION)"
1001108,RELLENO COMPACTADO ZANJA TERRENO NORMAL A PULSO I
100110803,"RELLENO COMP.ZANJA(PULSO) P/TUB T-NORMAL DN   15 -   40  DE 0,30 M A 0,50 M PROF."
10011080305,"RELLENO COMP.ZANJA(PULSO) P/TUB T-NORMAL DN   15 -   40  DE 0,30 M A 0,50 M PROF. (a=0.40M)"
100110820,"RELLENO COMP.ZANJA (PULSO) P/TUB T-NORMAL D 100 - 150  DE 1,26 M A 1,50 M PROF"
10011082001,"RELLENO COMP.ZANJA (PULSO) P/TUB T-NORMAL D 100 - 150  DE 1,26 M A 1,50 M PROF"
1001111,RELLENO COMPACTADO ZANJA TERRENO NORMAL DELEZNABLE A MÁQUINA I
100111116,"RELLENO COMP.ZANJA (MÁQ) P/TUB T-NORMAL ""D"" DN 100 - 150   DE 1,01 M A 1,25 M PROF"
10011111601,"RELLENO COMP.ZANJA (MÁQ) P/TUB T-NORMAL ""D"" DN 100 - 150   DE 1,01 M A 1,25 M PROF"
1001150,DRENES Y SUBDRENES
100115005,FILTRO DE GRAVA Y ARENA
10011500501,FILTRO DE GRAVA Y ARENA 
100115008,MATERIAL FILTRANTE
10011500801,MATERIAL FILTRANTE
1001153,BASES Y SUBBASES
100115390,PREPARACION DE LA SUB RASANTE
10011539051,CONFORMACION Y COMPACTACION DE SUBRASANTE C/MOTONIV. 125 HP
1001156,"RELLENOS MASIVOS: DIQUES, TERRAPLENES Y PLATAFORMAS"
100115602,RELLENO PARA ESTRUCTURAS
10011560201,RELLENO PARA ESTRUCTURAS
100115614,CONFORMACION DE TALUDES
10011561401,CONFORMACION DE TALUD MATERIAL PROPIO
1001158,MATERIAL DE CANTERA
100115816,PIEDRA MEDIANA
10011581601,PIEDRA MEDIANA
100115870,EXPLOTACION DE CANTERA
10011587001,EXPLOTACION DE CANTERA
100115890,ZARANDEO EN CANTERA
10011589001,ZARANDEO EN CANTERA
1001169,ELIMINACION DE DESMONTE EN TERRENO NORMAL  D=10KM   PARA ZANJAS I
100116923,ELIMIN. DESMONTE(PUL+V) T-NORMAL D= 10KM P/TUB. DN   100 - 150  PARA TODA PROF.
10011692301,ELIMIN. DESMONTE(PUL+V) T-NORMAL D= 10KM P/TUB. DN   100 - 150  PARA TODA PROF.  
1001191,ELIMINACION DE DESMONTE MASIVA
100119103,ELIMINACIÓN DE DESMONTE  T- NORMAL R= 5 KM CON MAQUINARIA
10011910301,ELIMINACIÓN DE DESMONTE  T- NORMAL R= 5 KM CON MAQUINARIA
1001193,ACARREO DE MATERIAL
100119306,PUESTA DE TUBERIA HIERRO FUNDIDO DUCTIL A PIE DE OBRA
10011930605,PUESTA A PIE DE ZANJA TUBERIA DE  HIERRO FUNDIDO DUCTIL DN 150
10011930606,PUESTA A PIE DE ZANJA TUBERIA DE  HIERRO FUNDIDO DUCTIL DN 200
1001194,TRANSPORTE DE MATERIAL
100119404,TRANSPORTE DE PIEDRA MEDIANA
10011940401,TRANSPORTE DE PIEDRA MEDIANA
100119460,TRANSPORTE INTERNO
10011946005,TRANSPORTE INTERNO D=0.30 KM
100119490,TRANSPORTE DE AGUA A OBRA
10011949001,TRANSPORTE DE AGUA A OBRA
1001198,PRUEBA MECANICA DE SUELOS
100119801,PRUEBAS DE COMPACTACION
10011980101,PRUEBA DE COMPACTACION DE SUELOS (PROCTOR MODIFICADO Y DE CONTROL DE COMPACTACION - DENSIDAD DE CAMPO)
10012,ACERO DE REFUERZO
1001201,ACERO DE REFUERZO
100120105,FIERRO CONSTRUCCION HABILITADO
10012010501,FIERRO CONSTRUCCION HABILITADO (MATERIAL Y M.O)
100120120,ACERO ESTRUCTURAL  TRABAJADO PARA ESTRUCTURAS
10012012005,ACERO DE REFUERZO
10012012052,ACERO DE REFUERZO FY=4200 KG/CM2
1001214,ACERO PARA CANALES Y ESTRUCTURAS HIDRAULICAS
100121410,ACERO ESTRUC. TRABAJADO P/LOSA DE FONDO- CANAL
10012141001,ACERO ESTRUC. TRABAJ. P/LOSA DE FONDO-CANAL (COSTO PROM. INCL. DESPERDICIOS)
1001216,"ACERO PARA CAMARAS, CAJAS Y BUZONES"
100121612,ACERO ESTRUC. TRABAJADO P/LOSA REMOVIBLE
10012161205,"ACERO ESTRUC. TRABAJADO P/LOSAS REMOVIB. DE BUZONES, CAMARAS, CAJAS (COSTO PROM. I/D)"
1001222,ACERO PARA LOSAS DE PISO
100122205,ACERO ESTRUCT. TRABAJADO P/ LOSAS DE PISO
10012220501,ACERO ESTRUCT. TRABAJADO P/ LOSA DE FONDO-PISO (COSTO PROM. INCL. DESPERDICIOS) 
1001224,ACERO PARA MUROS Y PLACAS
100122405,ACERO ESTRUC. TRABAJADO P/MURO REFORZADO
10012240501,ACERO ESTRUC. TRABAJADO P/MURO REFORZADO
1001226,ACERO PARA COLUMNAS
100122605,ACERO ESTRUC.TRABAJADO PARA COLUMNAS
10012260501,ACERO ESTRUC.TRABAJADO PARA COLUMNAS (COSTO PROM. INCL. DESPERDICIOS)
1001230,ACERO PARA VIGAS Y DINTELES
100123005,ACERO ESTRUC. TRABAJADO PARA VIGAS Y DINTELES
10012300501,ACERO ESTRUC. TRABAJADO PARA VIGAS (COSTO PROM. INCL. DESPERDICIOS)
1001252,ACERO PARA RESERVORIOS 1
100125202,ACERO ESTRUC.TRABAJADO P/MURO DE CUBA 5.01 A 10 M S.N.T.
10012520201,ACERO ESTRUC.TRABAJADO P/MURO DE CUBA 5.01 A 10 M S.N.T. (COSTO PROM. INCL. DESPERDICIOS)
100125269,"ACERO ESTRUC. TRABAJADO P/VIGA DE CUBA 10,01 A 15 M.S.N.T"
10012526901,"ACERO ESTRUC. TRABAJADO P/VIGA DE CUBA 10,01 A 15 M.S.N.T (COSTO PROM. INCL. DESPERDICIOS)"
1001258,ACERO PARA CASCARAS Y CUPULAS ESFERICAS
100125805,ACERO ESTRUC. TRABAJADO P/CUPULA ESFERICA
10012580501,ACERO ESTRUC. TRABAJADO P/CUPULA ESFERICA (COSTO PROM. INCL. DESPERDICIOS)
10013,ENCOFRADO Y DESENCOFRADO
1001304,ENCOFRADO Y DESENCOFRADO PARA CIMIENTOS Y SOBRECIMIENTOS
100130470,"DESENCOFRADO DE BASE: CIMIENTOS, ZAPATAS, VIGAS, PISOS, SOBRECIM., GRADAS Y ANCLAJES"
10013047001,"DESENCOFRADO DE BASE: CIMIENTOS, ZAPATAS, VIGAS, PISOS, SOBRECIM., GRADAS Y ANCLAJES"
1001306,ENCOFRADO Y DESENCOFRADO PARA SOLADOS
100130605,ENCOFRADO PARA SOLADOS Y/O SUB BASES
10013060501,ENCOFRADO (INCL. HABILITACION DE MADERA) PARA SOLADOS Y/O SUB BASES
1001312,ENCOFRADO Y DESENCOFRADO PARA ANCLAJES Y DADOS
100131205,ENCOFRADO PARA ANCLAJES Y/O DADOS
10013120501,ENCOFRADO (INCL. HABILITACION DE MADERA) PARA ANCLAJES Y/O DADOS 
100131220,ENCOFRADO P/ANCLAJES Y/O DADOS DE ACCESOR-LINEAS
10013122001,ENCOFRADO  (INCL. HABILITACION DE MADERA) P/ANCLAJES Y/O DADOS DE ACCESOR-LINEAS
1001314,ENCOFRADO Y DESENCOFRADO PARA CANALES Y ESTRUCTURAS HIDRAULICAS
100131406,ENCOFRADO PARA CANAL RECTANGULAR
10013140601,ENCOFRADO PARA CANAL RECTANGULAR
1001316,"ENCOFRADO PARA CAMARAS, CAJAS Y BUZONES"
100131605,"ENCOFRADO  P/LOSAS DE FONDO-BASE DE BUZON,CAMARA,CAJA"
10013160501,"ENCOFRADO (I/HABILITACION DE MADERA) P/LOSAS DE FONDO-BASE DE BUZON, CAMARA, CAJA"
100131608,"ENCOFRADO P/CANALETAS DE BUZONES, CAMARAS, CAJAS"
10013160801,"ENCOFRADO (INCL. HABILITACION DE MADERA) PARA CANALETAS DE BUZONES, CAMARAS, CAJAS"
100131629,ENCOFRADO METÁLICO PARA MURO DE BUZONES O SIMILAR
10013162902,ENCOFRADO METÁLICO (INCL. HABILITACION DE MADERA) PARA MURO DE BUZONES O SIMILAR
100131640,"ENCOFRADO P/LOSAS REMOVIBLES DE BUZONES,CAMARAS,CAJA"
10013164002,"ENCOFRADO (INCL. HABILITACION DE MADERA) P/LOSAS REMOVIBLES DE BUZONES, CAMARAS, CAJA"
100131670,DESENCOFRADO DE LOSAS REMOVIBLES
10013167001,DESENCOFRADO DE LOSAS REMOVIBLES
1001318,"ENCOFRADO Y DESENCOFRADO PARA ZAPATAS, CIMIENTOS Y PLATEAS DE CIMENTACION"
100131805,ENCOFRADO PARA ZAPATAS RECTAS
10013180550,ENCOFRADO Y DESENCOFRADO DE ZAPATAS
1001322,ENCOFRADO Y DESENCOFRADO PARA LOSAS DE PISO REFORZADO
100132205,ENCOFRADO PARA LOSAS DE FONDO-PISO
10013220501,ENCOFRADO (INCL. HABILITACION DE MADERA) PARA LOSAS DE FONDO-PISO
1001324,ENCOFRADO Y DESENCOFRADO PARA MUROS Y PLACAS
100132405,ENCOFRADO PARA MUROS RECTOS
10013240501,ENCOFRADO (INCL. HABILITACION DE MADERA) PARA MUROS RECTOS
100132425,ENCOFRADO PARA MUROS CIRCULARES
10013242501,ENCOFRADO (INCL. HABILITACION DE MADERA) PARA MUROS CIRCULARES
100132470,DESENCOFRADO DE MUROS
10013247001,DESENCOFRADO DE MUROS
1001326,ENCOFRADO Y DESENCOFRADO PARA COLUMNAS
100132605,ENCOFRADO PARA COLUMNAS RECTAS
10013260501,ENCOFRADO (INCL. HABILITACION DE MADERA) PARA COLUMNAS
100132608,ENCOFRADO PARA COLUMNAS RECTAS CARAVISTA
10013260802,ENCOFRADO (INCL. HABILITACION DE MADERA) PARA COLUMNAS TIPO CARAVISTA  
100132625,DESENCOFRADO DE COLUMNAS
10013262501,DESENCOFRADO DE COLUMNAS
1001330,ENCOFRADO Y DESENCOFRADO PARA VIGAS Y DINTELES
100133008,ENCOFRADO PARA VIGAS RECTAS Y DINTELES T/CARAVISTA
10013300801,ENCOFRADO (INCL. HABILITACION DE MADERA) PARA VIGAS RECTAS Y DINTELES T/CARAVISTA
100133070,"DESENCOFRADO DE VIGAS, DINTELES"
10013307001,DESENCOFRADO DE VIGAS Y DINTELES
1001332,ENCOFRADO Y DESENCOFRADO PARA LOSAS MACIZAS
100133205,ENCOFRADO PARA LOSAS MACIZAS
10013320501,ENCOFRADO (INCL. HABILITACION DE MADERA) PARA LOSAS MACIZAS
100133270,DESENCOFRADO DE LOSAS MACIZAS
10013327001,DESENCOFRADO DE LOSAS MACIZAS
1001334,ENCOFRADO Y DESENCOFRADO PARA LOSAS ALIGERADAS
100133405,ENCOFRADO PARA LOSAS ALIGERADAS
10013340501,ENCOFRADO (INCL. HABILITACION DE MADERA) PARA LOSAS ALIGERADAS
100133470,DESENCOFRADO DE LOSAS ALIGERADA
10013347001,DESENCOFRADO DE LOSAS ALIGERADAS
1001352,ENCOFRADO Y DESENCOFRADO PARA RESERVORIOS 1
100135214,ENCOFRADO PARA MURO CILINDRICO DE CUBA
10013521401,ENCOFRADO (INCL. HABILITACION DE MADERA) PARA MURO CILINDRICO DE CUBA  
100135282,"ENCOFRADO DE VIGA DE MURO CUBA DESDE  5,01 A 10 METROS S.N.T."
10013528201,"ENCOFRADO (I/HABILITAC.) DE VIGA DE MURO CUBA DESDE  5,01 A 10 METROS S.N.T."
1001354,ENCOFRADO Y DESENCOFRADO PARA RESERVORIOS 3
100135452,DESENCOFRADO DE VIGA DE MURO DE CUBA DESDE LOS 5.01 A 10 METROS S.N.T.
10013545201,DESENCOFRADO DE VIGA DE MURO DE CUBA DESDE LOS 5.01 A 10 METROS S.N.T.
1001358,ENCOFRADO Y DESENCOFRADO PARA CASCARAS Y CUPULAS ESFERICAS
100135805,ENCOFRADO PARA CUPULA ESFERICA
10013580501,ENCOFRADO (INCL. HABILITACION DE MADERA) PARA CUPULA ESFERICA
100135870,DESENCOFRADO DE CUPULA ESFERICA
10013587001,DESENCOFRADO DE CUPULA ESFERICA
1001370,"ENTIBADOS, TABLESTACADOS, APUNTALAMIENTOS Y PROTECCIONES"
100137069,TABLESTACADO METAL DE ZANJAS TERRENO NORMAL DELEZNABLE HASTA 3.00M DE PROF
10013706901,TABLESTACADO METAL DE ZANJAS TERRENO NORMAL DELEZNABLE HASTA 3.00M DE PROF
1001371,"ENTIBADOS, TABLESTACADOS, APUNTALAMIENTOS Y PROTECCIONES II"
100137150,PROTECCION DE REDES EXISTENTES
10013715005,PROTECCION DE REDES EXISTENTES DE DN50 A 80
10013715007,PROTECCION DE REDES EXISTENTES DE DN200 A 250
10013715009,PROTECCION DE REDES EXISTENTES DE DN400 A 450
10014,CONCRETO Y ASFALTO
1001401,PREPARACION DE CONCRETO 1
100140106,CONCRETO 1:10 C:H CON EMPLEO MEZCLADORA
10014010601,CONCRETO 1:10 C:H CON EMPLEO MEZCLADORA  ( CEMENTO PI )
100140110,CONCRETO 1:10 C:H CON EMPLEO MEZCLADORA (CEMENTO PII)
10014011001,CONCRETO 1:10 C:H CON EMPLEO MEZCLADORA (CEMENTO PII)
100140151,CONCRETO F'C=100 KG/CM2 C:A:P C/MEZCLAD
10014015101,CONCRETO F'C=100 KG/CM2 C:A:P C/MEZCLAD.  (CEMENTO PI)
100140152,CONCRETO F'C=140 KG/CM2 C:A:P C/MEZCLAD
10014015201,CONCRETO F'C=140 KG/CM2 C:A:P C/MEZCLAD.  (CEMENTO PI)
100140153,CONCRETO F'C=175 KG/CM2 C:A:P C/MEZCLAD
10014015301,CONCRETO F'C=175 KG/CM2 C:A:P C/MEZCLAD.  (CEMENTO PI)
100140154,CONCRETO F'C=210 KG/CM2 C:A:P C/MEZCLAD
10014015401,CONCRETO F'C=210 KG/CM2 C:A:P C/MEZCLAD.  (CEMENTO PI)
100140155,CONCRETO F'C=245 KG/CM2 C:A:P C/MEZCLAD
10014015501,CONCRETO F'C=245 KG/CM2 C:A:P C/MEZCLAD. (CEMENTO PI)
100140162,"CONCRETO F'C=140 KG/CM2 C:A:P C/MEZCLAD, (CEMENTO P-II)"
10014016201,"CONCRETO F'C=140 KG/CM2 C:A:P C/MEZCLAD, (CEMENTO P-II)"
1001404,CONCRETO SIMPLE PARA CIMIENTOS Y SOBRECIMIENTOS
100140405,CONCRETO 1:10 + 30% PIEDRA GRANDE PARA CIMIENTO CORRIDO
10014040551,CIMIENTOS CONCRETO 1:10 + 30% P.G.
100140460,CONCRETO F'C 100 KG/CM2 + 25% P.M. PARA  SOBRECIMIENTOS
10014046001,CONCRETO F'C 100 KG/CM2 + 30% P.M. PARA  SOBRECIMIENTOS (CEMENTO P-I)  
1001406,CONCRETO PARA SOLADOS
100140614,SOLADOS CONCRETO 1:10 E=0.05M
10014061452,"SOLADO MEZCLA 1:10 C:H  ESPESOR=2"""
100140621,CONCRETO 1:10 PARA SOLADOS Y/O SUB BASES
10014062101,CONCRETO 1:10 PARA SOLADOS Y/O SUB BASES (CEMENTO P-I)  
100140630,CONCRETO F'C 100 KG/CM2 PARA SOLADOS Y/O SUB BASES
10014063001,CONCRETO F'C 100 KG/CM2 PARA SOLADOS Y/O SUB BASES (CEMENTO P-I)  
100140660,"CONCRETO F'C 100 KG/CM2 PARA SOLADOS DE BUZONES,CAMARAS,CAJAS"
10014066001,"CONCRETO F'C 100 KG/CM2 PARA SOLADOS DE BUZONES,CAMARAS,CAJAS (CEMENTO P-I)  "
1001408,"CONCRETO PARA  PISO, VEREDAS Y GRADAS"
100140833,VEREDA DE CONCRETO F'C 140 KG/CM2 C/EMPLEO DE MEZCLADORA
10014083301,VEREDA DE CONCRETO F'C 140 KG/CM2 E=10CM  PASTA 1:2  C/EMPLEO DE MEZCLADORA  (LINEAS Y ESTRUCTURAS)
10014083370,REPOSICION DE VEREDA DE CONCRETO FC 140 KG/CM2
100140845,"VEREDA DE CONCRETO F`C 210 KG/CM2,C/EMPLEO DE MEZCLADORA"
10014084502,"VEREDA DE CONCRETO F`C 210 KG/CM2 E=10CM,  PASTA1:2  C/EMPLEO DE MEZCLADORA  (PARCHADOS)"
1001412,CONCRETO PARA ANCLAJES Y DADOS
100141205,CONCRETO F'C 140 KG/CM2 PARA ANCLAJES DE ACCESORIOS DN 50-80
10014120501,CONCRETO F'C 140 KG/CM2 PARA ANCLAJES DE ACCESORIOS DN 50-80  
100141206,CONCRETO F'C 140 KG/CM2 PARA ANCLAJES DE ACCESORIOS DN 100-150
10014120601,CONCRETO F'C 140 KG/CM2 PARA ANCLAJES DE ACCESORIOS DN 100-150  
100141207,CONCRETO F'C 140 KG/CM2 PARA ANCLAJES DE ACCESORIOS DN 200-250
10014120701,CONCRETO F'C 140 KG/CM2 PARA ANCLAJES DE ACCESORIOS DN 200-250    
100141208,CONCRETO F'C 140 KG/CM2 PARA ANCLAJES DE ACCESORIOS DN 300-350
10014120801,CONCRETO F'C 140 KG/CM2 PARA ANCLAJES DE ACCESORIOS DN 300-350  
100141225,CONCRETO F'C 140 KG/CM2 PARA ANCLAJES Y/O DADOS
10014122501,CONCRETO F'C 140 KG/CM2 PARA ANCLAJES Y/O DADOS (CEMENTO P-I)
100141226,CONCRETO F'C 175 KG/CM2 PARA ANCLAJES Y/O DADOS
10014122601,CONCRETO F'C 175 KG/CM2 PARA ANCLAJES Y/O DADOS (CEMENTO P-I)
100141227,CONCRETO F'C 210 KG/CM2 PARA ANCLAJES Y/O DADOS
10014122701,CONCRETO F'C 210 KG/CM2 PARA ANCLAJES Y/O DADOS (CEMENTO P-I)  
1001416,"CONCRETO PARA CAMARAS, CAJAS Y BUZONES"
100141614,"CONCRETO F'C=210 KG/CM2 LOSA DE FONDO-BASE DE BUZONES, CAMARAS, CAJAS"
10014161402,"CONCRETO F'C 245 KG/CM2/ LOSA FONDO-BASE DE BUZONES, CAMARAS, CAJAS (CEMENTO P-I)"
100141632,"CONCRETO F'C 210 KG/CM2 PARA CANALETAS DE BUZONES, CAMARAS, CAJAS"
10014163201,"CONCRETO F'C 210 KG/CM2 PARA CANALETAS DE BUZONES, CAMARAS, CAJAS (CEMENTO P-I)  "
10014163251,"CONCRETO F'C 245 KG/CM2 PARA CANALETAS DE BUZONES, CAMARAS, CAJAS (CEMENTO P-I)  "
100141649,"CONCRETO F'C 210 KG/CM2 PARA MUROS DE BUZONES, CAMARAS,CAJAS"
10014164902,"CONCRETO F'C 245 KG/CM2 PARA MURO DE BUZONES, CAMARAS, CAJAS (CEMENTO P-I)"
100141671,"CONCRETO F'C=210 KG/CM2 P/LOSA REMOVIBLE DE BUZONES, CAMARAS, CAJAS"
10014167102,"CONCRETO F'C 210 KG/CM2 P/LOSA REMOVIBLE DE BUZONES, CAMARAS, CAJAS (CEMENTO P-I) "
10014167103,"CONCRETO F'C 245 KG/CM2 P/LOSA REMOVIBLE DE BUZONES, CAMARAS, CAJAS (CEMENTO P-I) "
1001418,"CONCRETO PARA ZAPATAS, CIMIENTOS REFORZADOS Y PLATEAS DE CIMENTACION"
100141807,CONCRETO F'C 210 KG/CM2 PARA ZAPATAS
10014180701,CONCRETO F'C 210 KG/CM2 PARA ZAPATAS (CEMENTO P-I)
1001422,CONCRETO PARA LOSAS DE PISO REFORZADOS
100142205,CONCRETO F'C 140 KG/CM2 PARA LOSAS DE FONDO-PISO
10014220501,CONCRETO F'C 140 KG/CM2 PARA LOSAS DE FONDO-PISO (CEMENTO P-I)
100142207,CONCRETO F'C 210 KG/CM2 PARA LOSAS DE FONDO-PISO
10014220701,CONCRETO F'C 210 KG/CM2 PARA LOSAS DE FONDO-PISO (CEMENTO P-I)
1001424,CONCRETO PARA MUROS Y PLACAS REFORZADOS
100142407,CONCRETO F'C 210 KG/CM2 PARA MUROS REFORZADOS
10014240701,CONCRETO F'C 210 KG/CM2 PARA MUROS REFORZADOS (CEMENTO P-I)
1001426,CONCRETO PARA COLUMNAS
100142607,CONCRETO F'C 210 KG/CM2 PARA COLUMNAS
10014260701,CONCRETO F'C 210 KG/CM2 PARA COLUMNAS (CEMENTO P-I)
1001430,CONCRETO PARA VIGAS Y DINTELES
100143007,CONCRETO F'C 210 KG/CM2 PARA VIGAS
10014300701,CONCRETO F'C 210 KG/CM2 PARA VIGAS (CEMENTO P-I)
1001432,CONCRETO PARA LOSAS MACIZAS
100143207,CONCRETO F'C 210 KG/CM2 PARA LOSAS MACIZAS
10014320701,CONCRETO F'C 210 KG/CM2 PARA LOSAS MACIZAS (CEMENTO P-I)
100143290,LOSA DE CONCRETO EN CONEXIONES DOMICILIARIAS
10014329005,CONSTRUCCION DE LOSA DE CONCRETO F'C 140 KG/CM2 DE 0.6X0.8X0.15M
1001434,CONCRETO PARA LOSAS ALIGERADAS
100143407,CONCRETO F'C 210 KG/CM2 PARA LOSAS ALIGERADAS
10014340701,CONCRETO F'C 210 KG/CM2 PARA LOSAS ALIGERADAS (CEMENTO P-I)
1001452,CONCRETO PARA RESERVORIOS 1
100145209,"CONCRETO F'C 245 KG/CM2 PARA MURO DE CUBA DE 5,01 A 10 METROS S.N.T."
10014520901,"CONCRETO F'C 245 KG/CM2 PARA MURO DE CUBA DE 5,01 A 10 METROS S.N.T."
1001453,CONCRETO PARA RESERVORIOS 2
100145351,"CONCRETO F'C 245 KG/CM2 P/VIGA DE MURO DE CUBA DE 10,01 A 15 METROS S.N.T."
10014535101,"CONCRETO F'C 245 KG/CM2 P/VIGA DE MURO DE CUBA DE 10,01 A 15 METROS S.N.T."
1001458,"CONCRETO PARA CASCARAS, CUBIERTAS Y CUPULAS ESFERICA 1"
100145862,"CONCRETO F'C 245 KG/CM2 PARA CUBIERTA ESFERICA DE 15,01 A 20 METROS S.N.T."
10014586201,"CONCRETO F'C 245 KG/CM2 PARA CUBIERTA ESFERICA DE 15,01 A 20 METROS S.N.T."
1001462,CONCRETO PARA PREFABRICADOS / ELEMENTOS PREFABRICADOS
100146210,TAPAS DE CONCRETO ARMADO
10014621005,MARCO DE FO. FDO. DE DIAMETRO 0.60M CON TAPA DE CONCRETO ARMADO
100146270,COLOCACION DE LOSA REMOVIBLE
10014627001,"COLOCACION DE LOSA REMOVIBLE DE BUZON, CAMARA O SIMILAR"
1001468,PRUEBAS DE CALIDAD DEL CONCRETO
100146805,PRUEBA DE CALIDAD DEL CONCRETO (PRUEBA A LA COMPRESION)
10014680501,PRUEBA DE CALIDAD DEL CONCRETO (PRUEBA A LA COMPRESION)
1001477,PAVIMENTO RIGIDO DE CONCRETO
100147704,CORTE Y ROTURA DE PAVIMENTO RIGIDO - CONCRETO
10014770401,CORTE Y ROTURA PAVIMENTO RIGIDO-CONCRETO DE 6'' INCL. PERFILADO BORDES (LINEAS Y ESTRUCTURAS)
100147705,REPOSICION DE PAVIMENTO RIGIDO
10014770501,REPOSICION DE PAVIMENTO RIGIDO
1001480,IMPRIMACION ASFALTICA
100148007,IMPRIMACION ASFALTICA CON EMPLEO DE CAMION IMPRIMADOR
10014800751,IMPRIMACION ASFALTICA
1001492,JUNTAS Y SELLADO DE JUNTAS
100149270,PROVISION Y COLOCACION DE WATER STOP EN JUNTAS
10014927002,"PROVISION Y COLOCADO DE JUNTA WATER STOP DE NEOPRENE E=15 CM (6"")"
10015,ALBAÑILERIA Y TARRAJEOS (REVOQUES)
1001502,MURO DE LADRILLO KING KONG DE ARCILLA
100150231,MUROS DE LADRILLO KING KONG DE ARCILLA SOGA CARAVISTA CON MORTERO 1:4 X 1.5 CM
10015023101,MUROS DE LADRILLO KING KONG DE ARCILLA SOGA CARAVISTA CON MORTERO 1:4 X 1.5 CM
100150232,MUROS DE LADRILLO KING KONG DE ARCILLA SOGA CON MORTERO 1:5 X 1.5 CM
10015023250,MURO DE LADRILLO KK SOGA C:A 1:5
1001551,MORTEROS
100155104,MORTERO DE CEMENTO-ARENA
10015510403,MORTERO CEMENTO-ARENA 1:3 A PULSO (CEMENTO PI)
1001554,TARRAJEO EN GENERAL
100155455,TARRAJEO DE CANALETAS DE CONCRETO
10015545555,TARRAJEO DE CANALETAS
1001558,TARRAJEO DE MUROS INTERIORES
100155810,TARRAJEO DE MUROS DE CONCRETO
10015581052,TARRAJEO FROTACHADO P.CAMARAS DE VALVULAS
100155812,TARREJEO CON IMPERMEABILIZANTE DE MUROS
10015581251,TARRAJEO DE MUROS CON IMPERMEABILIZANTE (1:5)
1001562,TARRAJEO DE MUROS EXTERIORES
100156205,TARRAJEO EXTERIOR CON MORTERO 1:5 X 1.5 CM ( INCLUYE COLUMNAS EMPOTRADAS )
10015620501,TARRAJEO EXTERIOR CON MORTERO 1:5 X 1.5 CM ( INCLUYE COLUMNAS EMPOTRADAS )
1001586,TARRAJEOS PARA ESTRUCTURAS HIDRAULICAS -ADITIVOS
100158606,TARRAJEO CON IMPERMEABILIZANTE PARA ESTRUCTURAS HIDRAULICAS
10015860601,TARRAJEO CON IMPERMEABILIZANTE PARA ESTRUCTURAS HIDRAULICAS
100158620,"TARRAJEO CON IMPERMEABILIZANTE DE LOSA DE FONDO-DE PISO , CANALES"
10015862001,"TARRAJEO CON IMPERMEABILIZANTE DE LOSA DE FONDO-DE PISO , CANALES"
100158626,TARRAJEO CON IMPERMEABILIZANTE DE MUROS EN RESERVORIO APOYADO
10015862601,TARRAJEO CON IMPERMEABILIZANTE DE MUROS EN RESERVORIO APOYADO
100158642,TARRAJEO CON IMPERMEABILIZANTE DE FONDO DE CUBA DE RESERVORIO ELEVADO
10015864201,TARRAJEO CON IMPERMEABILIZANTE DE FONDO DE CUBA DE RESERVORIO ELEVADO
10018,ESTRUCTURAS Y PERFILES METALICOS
1001840,CABLES Y GRAPAS
100184005,CABLE DE ACERO
10018400515,CABLE DE ACERO TIPO BOA D=7/8
1001845,PUENTES
100184520,PENDOLAS
10018452005,"PENDOLA  DE ACERO LISO D=3/8"""
10020,COBERTURAS Y CANALETAS
1002095,IMPERMEABILIZACION DE COBERTURA
100209505,IMPERMEABILIZACION DE COBERTURA CON BREA
10020950555,IMPERMEABILIZACION SUPERFICIAL (RC 250)
10022,PISOS
1002210,"PISO DE CEMENTO, ACABADO Y BRUÑADO"
100221002,PISO DE CEMENTO PULIDO BRUÑADO E=5CM
10022100250,PISO DE CEMENTO PULIDO Y BRUÑADO C:A 1:2  E=5CM
100221004,PISO DE CEMENTO FROTACHADO E=5CM
10022100451,PISO DE CEMENTO FROTACHADO E=5 CM
100221015,"ACABADO PULIDO DE PISO CON MORTERO 1:2   X 1,5 CM DE ESPESOR"
10022101501,"ACABADO PULIDO DE PISO CON MORTERO 1:2   X 1,5 CM DE ESPESOR"
10023,"REVESTIMIENTOS, ZOCALOS Y CONTRAZOCALOS"
1002308,REVESTIMIENTO VINILICO
100230805,REVESTIMIENTO DE PASOS Y CONTRAPASOS CON VINIL
10023080551,REVESTIMIENTO DE PASOS CON VINIL
10026,CARPINTERIA METALICA Y HERRERIA
1002606,BARANDAS/PASAMANO
100260605,BARANDA CON PERFILES DE FoGo
10026060502,"BARANDA CON TUBO DE FO. GALV: PASAMANO   1 1/2"" Y PARANTE DE 1"" X 1.20  M ALTURA"
10026060508,"BARANDA C/TUBO FIERRO GALV: PASAMANO  2"" Y PARANTE 2""X1 M EN NIVEL 10.01 M - 15 M"
1002608,CERCOS
100260805,CERCO CON PERFILES FoGo
10026080503,"CERCO DE ALAMBRE PÚA FO. GALV. N° 12 EN  TUBO 1 1/2""X3/16""X1,20 M ALTURA"
1002610,ESCALERA - ANILLOS PARA ESCALERA
100261003,ESCALERA DE TUBO FO. GALVANIZADO 
10026100301,"ESCALERA DE TUBO FO. GALVANIZADO CON     PARANTES DE 1"" POR PELDAÑOS DE 3/4"""
100261008,ESCALERA DE GATO
10026100801,ESCALERA TIPO GATO E1
1002611,MARCOS Y TAPAS 
100261103,MARCO Y TAPA DE FIERRO FUNDIDO
10026110304,"MARCO Y TAPA DE FO. FDO. TIPO COMPACTA   DE DIÁMETRO DE 0,90 M"
100261104,MARCO Y TAPA DE HIERRO DUCTIL
10026110401,"MARCO Y TAPA DE HIERRO DÚCTIL DI=0,60 M CON MECANISMO DE SEGURIDAD SEGÚN ESPECIFICACIÓN"
100261105,MARCO Y TAPA DE PLANCHA LAC
10026110501,"MARCO Y TAPA DE PLANCHA LAC 0,7X0,7 M    CON MECANISMO DE SEGURIDAD S/DISEÑO"
1002613,PUERTAS CON PLANCHA METALICA
100261303,PUERTA METÁLICA 
10026130315,PUERTA METÁLICA DE 0.90X2.15 M.  
100261313,PUERTA METALICA
10026131301,PUERTA METALICA PM1
1002619,VENTANAS DE FIERRO
100261901,VENTANA DE FIERRO
10026190101,VENTANA DE FIERRO VF1
1002650,COMPUERTA PARA ESTRUCTURAS HIDRAULICAS
100265005,COMPUERTA METALICA
10026500501,COMPUERTA METALICA
10029,CERRAJERIA
1002920,"SUMINISTRO E INSTALACION DE CERRADURAS, MANIJAS, CANDADOS, ETC."
100292035,SUMINISTRO E INSTALACION DE CANDADOS
10029203510,"CANDADO, INCLUYENDO ALDABAS "
10030,PINTURA
1003006,PINTURA LATEX
100300609,PINTURA LATEX MURO EXTERIOR
10030060951,PINTURA LATEX MURO EXTERIOR (FACHADAS Y CERCO)
10030060952,PINTURA LATEX ACRILICA SATINADA EN MUROS EXTERIORES
100300650,PINTADO EXTERIOR C/TEKNOMATE O SIMILAR   DE RESERVORIO APOYADO INCL. MENSAJE
10030065001,PINTADO EXTERIOR C/TEKNOMATE O SIMILAR   DE RESERVORIO APOYADO INCL. MENSAJE
1003014,PINTURA ESMALTE
100301465,PINTURA ESMALTE PARA FRANJA SEÑALETICA
10030146598,PINTURA ESMALTE
1003018,PINTURA ANTICORROSIVA
100301826,PINTADO DE PARRILLAS METÁLICAS
10030182601,PINTADO DE PARRILLAS METÁLICAS (2MANOS ANTICORROSIVA + 2ESMALTE)
100301845,PINTADO DE TUBERÍA O ACCESORIO MÉTALICO
10030184502,PINTADO C/EPOXICO EQUIPO HIDRAULICO
10036,INSTALACIONES SANITARIAS DE EDIFICACIONES
1003608,SUMIN. E INST. ACCESORIOS PVC-U SIMPLE PRESION\PARA AGUA FRIA
100360886,INSTALACIÓN DE ACCESORIOS PVC-U SIMPLE PRESIÓN DN   50  -   80
10036088601,INSTALAC. DE ACCESORIOS PVC/ RED AGUA POTABLE DE 50 A 90 MM
1003630,EMPALME A RED DE AGUA
100363005,EMPALME A RED EXISTENTE DE AGUA
10036300503,EMPALME TUBERÍA LÍNEAS DE AGUA POTABLE EXISTENTE DN 700 A 800
1003632,"TANQUES Y CISTERNAS, DE ETERNIT, FIBRA DE VIDRIO"
100363205,TANQUE PARA AGUA FIBRA DE VIDRIO
10036320505,"TANQUE PARA AGUA FIBRA DE VIDRIO DE 500 LITROS, INCLUYE INSTALACION"
1003666,VALVULAS DE CONTROL SISTEMA CONTRAINCENDIO
100366672,"VALVULA REDUCTORA DE PRESION DE 3"""
10036667252,"VALVULA REDUCTORA DE PRESION 3"""
100366674,"VALVULA REDUCTORA DE PRESION DE 4"""
10036667452,"VALVULA REDUCTORA DE PRESION 4"""
1003680,CAMARAS DE INSPECCION O DE REGISTRO
100368036,CAJA DE REBOSE
10036803601,CAJA DE REBOSE
10038,OBRAS DE SANEAMIENTO AGUA
1003802, SUMINISTRO DE TUBERÍA DE PVC UNION FLEXIBLE  PN 5  Y  PN  7.5
100380252,TUBERÍA DE PVC-U UF NTP ISO 4422 PN 7.5 DN 63
10038025201,TUBERÍA DE PVC-U UF NTP ISO 4422 PN 7.5 DN 50  incl. anillo + desperdicios 
100380256,TUBERÍA DE PVC-U UF NTP ISO 4422 PN 7.5 DN 90
10038025651,"SUMINISTRO E INSTALACION DE TUBERIA PVC-U UF NTP ISO 4422 PN 7.5, DN= 90 MM"
100380258,TUBERÍA DE PVC-U UF NTP ISO 4422 PN 7.5 DN 110
10038025851,"SUMINISTRO E INSTALACION DE TUBERIA PVC-U UF NTP ISO 4422 PN 7.5, DN= 110 MM"
100380262,TUBERÍA DE PVC-U UF NTP ISO 4422 PN 7.5 DN 160
10038026251,"SUMINISTRO E INSTALACION DE TUBERIA PVC-U UF NTP ISO 4422 PN 7.5, DN= 160 MM "
100380264,TUBERÍA DE PVC-U UF NTP ISO 4422 PN 7.5 DN 200
10038026451,"SUMINISTRO E INSTALACION DE TUBERIA PVC-U UF NTP ISO 4422 PN 7.5, DN= 200 MM "
100380266,TUBERÍA DE PVC-U UF NTP ISO 4422 PN 7.5 DN 250
10038026651,"SUMINISTRO E INSTALACION DE TUBERIA PVC-U UF NTP ISO 4422 PN 7.5, DN= 250 MM "
100380270,TUBERÍA DE PVC-U UF NTP ISO 4422 PN 7.5 DN 355
10038027051,"SUMINISTRO E INSTALACION DE TUBERIA PVC-U UF NTP ISO 4422 PN 7.5, DN= 355 MM"
1003803, SUMINISTRO DE TUBERÍA DE PVC UNION FLEXIBLE  PN 10  Y  PN  20
100380304,TUBERÍA DE PVC-U UF NTP ISO 4422 PN 10 DN 75
10038030406,TUBERÍA DE  PVC-U  UF  PN 10  DN   65    incl. elemento unión +  desperdicios
1003805,"INSTALACION  DE TUBERÍA DE PVC UNION FLEXIBLE  Y SIMPLE PRESION PARA AGUA, PRUEBA HIDRAULICA"
100380522,PRUEBA HIDRAULICA Y DESINFECCION DE TUBERÍA  P/AGUA POTAB. DN 15 - 20
10038052210,PRUEBA HIDRAULICA DE TUBERIA AGUA POTAB. DN 15-20
100380525,PRUEBA HIDRAULICA Y DESINFECCION DE TUBERÍA  P/AGUA POTAB. DN 65
10038052501,PRUEBA HIDRAULICA DE TUBERIA AGUA POTAB. DN 50-65
100380526,PRUEBA HIDRAULICA Y DESINFECCION DE TUBERÍA  P/AGUA POTAB. DN 80
10038052610,PRUEBA HIDRAULICA DE TUBERIA AGUA POTAB. DN 80
100380527,PRUEBA HIDRAULICA Y DESINFECCION DE TUBERÍA  P/AGUA POTAB. DN 100
10038052710,PRUEBA HIDRAULICA DE TUBERIA AGUA POTAB. DN100
100380529,PRUEBA HIDRAULICA Y DESINFECCION DE TUBERÍA P/AGUA POTAB. DN 150
10038052910,PRUEBA HIDRAULICA DE TUBERIA AGUA POTAB. DN 150
100380530,PRUEBA HIDRAULICA Y DESINFECCION DE TUBERÍA  P/AGUA POTAB. DN 200
10038053001,PRUEBA HIDRAULICA DE TUBERIA AGUA POTABLE (INCL.DESINFECCION) DN200
10038053010,PRUEBA HIDRAULICA DE TUBERIA AGUA POTAB. DN 200
10038053020,PRUEBA HIDRAULICA DE TUBERIA AGUA POTABLE (INCL.DESINFECCION) DN 200
100380531,PRUEBA HIDRAULICA Y DESINFECCION DE TUBERÍA  P/AGUA POTAB. DN 250
10038053110,PRUEBA HIDRAULICA DE TUBERIA AGUA POTAB. DN250
100380533,PRUEBA HIDRAULICA Y DESINFECCION DE TUBERÍA  P/AGUA POTAB. DN 350
10038053310,PRUEBA HIDRAULICA DE TUBERIA AGUA POTAB. DN350
1003807,CODOS Y CURVAS DE PVC
100380712,CODO DE PVC-U  UNION FLEXIBLE   DN   63
10038071203,CODO PVC-U UF 22.5º DN 63
10038071205,CODO PVC-U UF 45º DN 63
10038071206,CODO PVC-U UF 90º DN 63
100380714,CODO DE PVC-U  UNION FLEXIBLE   DN   90
10038071407,CODO PVC-U UF 22.5º DN 90
10038071409,CODO PVC-U UF 45º DN 90
10038071412,CODO PVC-U UF 90º DN 90
100380715,CODO DE PVC-U  UNION FLEXIBLE   DN   110
10038071503,CODO PVC-U UF 22.5º DN 110
10038071506,CODO PVC-U UF 45º DN 110
10038071510,CODO PVC-U UF 90º DN110
100380717,CODO DE PVC-U  UNION FLEXIBLE   DN   160
10038071703,CODO PVC-U UF 22.5º DN 160
10038071710,CODO PVC-U UF 90º DN 160
100380718,CODO DE PVC-U  UNION FLEXIBLE   DN   200
10038071803,CODO PVC-U UF DE 22.5º DN 200
10038071804,CODO PVC-U UF DE 45º DN 200
10038071806,CODO PVC-U UF DE 90º DN 200
100380719,CODO DE PVC-U  UNION FLEXIBLE   DN   250
10038071903,CODO PVC-U UF 11.25º DN 250
10038071908,CODO PVC-U UF DE 90º DN 250
100380762,CURVA DE PVC-U  UNION FLEXIBLE    DN   63
10038076253,SUMINISTRO E INSTALACION DE CURVA DE  PVC-U UF DE 45º DN 50 MM 
100380764,CURVA DE PVC-U  UNION FLEXIBLE    DN   90
10038076451,SUMINISTRO E INSTALACION DE CURVA DE  PVC-U UF DE 11.25º DN 80 MM 
1003808,TEE DE PVC
100380814,TEE DE PVC-U  UNION FLEXIBLE    DN   90
10038081451,SUMINISTRO E INSTALACION DE TEE DE  PVC-U UF DN 80 MM 
100380815,TEE DE PVC-U  UNION FLEXIBLE    DN   110
10038081551,SUMINISTRO E INSTALACION DE TEE DE  PVC-U UF DN 100 MM 
100380817,TEE DE PVC-U  UNION FLEXIBLE    DN   160
10038081701,TEE DE PVC-U UF DN 150
100380818,TEE DE PVC-U  UNION FLEXIBLE    DN   200
10038081801,TEE DE PVC-U UF DN 200
100380819,TEE DE PVC-U  UNION FLEXIBLE    DN   250
10038081901,TEE DE PVC-U UF DN 250
1003809,REDUCCCIÓN DE PVC
100380914,REDUCCCIÓN DE PVC-U  UNION FLEXIBLE    DN   90
10038091409,REDUCCION DE PVC-U UF DN 90 A 63
100380915,REDUCCCIÓN DE PVC-U  UNION FLEXIBLE    DN   110
10038091508,REDUCCION DE PVC-U UF DN 110 A 63
10038091510,REDUCCION DE PVC-U UF DN 110 A 90
100380917,REDUCCCIÓN DE PVC-U  UNION FLEXIBLE    DN   160
10038091707,REDUCCION DE PVC-U UF DN 160 A 100
10038091715,REDUCCION DE PVC-U UF DN 160 A 90
100380918,REDUCCCIÓN DE PVC-U  UNION FLEXIBLE    DN   200
10038091803,REDUCCION DE PVC-U UF DN 200 A 100
10038091805,REDUCCION DE PVC-U UF DN 200 A 150
100380919,REDUCCCIÓN DE PVC-U  UNION FLEXIBLE    DN   250
10038091904,REDUCCION DE PVC-U UF DN 250 A 100
10038091906,REDUCCION DE PVC-U UF DN 250 A 200
10038091907,REDUCCION DE PVC-U UF DN 250 A 200
100380921,REDUCCCIÓN DE PVC-U  UNION FLEXIBLE    DN   355
10038092106,REDUCCION DE PVC-U UNION FLEXIBLE DN 350 A 300
1003812,TAPÓN DE PVC-U  UNIÓN FLEXIBLE
100381212,TAPÓN DE PVC-U  UNIÓN FLEXIBLE    DN   63
10038121253,SUMINISTRO E INSTALACION DE TAPON DE  PVC-U UF DN 63 MM
100381214,TAPÓN DE PVC-U  UNIÓN FLEXIBLE    DN   90
10038121451,SUMINISTRO E INSTALACION DE TAPON DE  PVC-U UF DN 80 MM
100381215,TAPÓN DE PVC-U  UNIÓN FLEXIBLE    DN   110
10038121502,TAPON DE PVC-U UNION FLEXIBLE DN 110
1003815,ABRAZADERA  DE PVC-U
100381519,ABRAZADERA DE PVC-U  DN 200  X  20
10038151901,ABRAZADERA DE PVC-U DN 200X20
1003821,"TUBERIA  DE  HIERRO  DUCTIL,   MANGAS HDPE,  PRUEBA HIDRAULICA"
100382106,TUBERÍA DE HIERRO DÚCTIL   DN 150
10038210661,SUMINISTRO E INSTALACION DE TUBERÍA DE HIERRO DÚCTIL INTEGRAL  PH 1 DN  150
100382107,TUBERÍA DE HIERRO DÚCTIL   DN 200
10038210786,SUMINISTRO E INSTALACION DE TUBERÍA DE HIERRO DÚCTIL K-9  DN   200    
1003832,TUBERÍA DE ACERO
100383266,TUBERÍA DE ACERO SHC-40   DN 150
10038326651,SUMINISTRO E INSTALACION DE TUBERÍA DE ACERO SHC-40 P/EQUIPAMIENTO   DN   150 
1003840,TAPÓN DE ACERO O BRIDA CIEGA
100384060,INSTALACION DE ACCESORIOS DE ACERO DN 200 - 250  
10038406001,INSTALACION DE ACCESORIOS DE ACERO DN 200 - 250
1003842,TUBERIAS DE FIERRO GALVANIZADO
100384216,TUBERÍA DE FO. GALVANIZADO C-40  DN  15
10038421601,TUBERÍA DE FO. GALVANIZADO C-40  DN  15  incluye elemento unión + desperdicio
1003851,CONEXIONES DOMICILIARIAS DE AGUA Y ELEMENTOS DE CONTROL
100385102,CONEXIÓN DOMICILIARIA DE AGUA EN TERRENO NORMAL
1003851020,Conexiones Nuevas en Redes Proyectadas p/TN
10038510207,CONEXION DOMICILIARIA DE AGUA POTABLE DN 15 X 160
100385146,SUMINISTRO DE ELEMENTOS DE TOMA PARA CONEXIÓN DE AGUA  DN  15
10038514601,SUMINISTRO DE ELEMENTOS DE TOMA PARA CONEXION DE AGUA DN 15
1003855,INSTALACION VALVULA MARIPOSA
100385552,VÁLVULA MARIPOSA   DN 350
10038555205,"VÁLVULA MARIPOSA  DN 350 HO.DUCTIL EXCENT, ASIENTO-EJE-ACERO INOXIDABLE 250 PSI  "
1003857,INSTALACION DE VALVULA DE PURGA Y/O COMPUERTA
100385706,"VÁLVULA CPTA.CC, HO.DÚCTIL CIERRE ELÁST. VÁSTAGO ACERO INOXIDABLE   DN 200"
10038570601,"VÁLVULA CPTA.CC, HO.DÚCTIL CIERRE ELÁST. VÁSTAGO ACERO INOXIDABLE   DN 200     "
100385707,"VÁLVULA CPTA.CC, HO.DÚCTIL CIERRE ELÁST. VÁSTAGO ACERO INOXIDABLE   DN 250"
10038570701,"VÁLVULA CPTA.CC, HO.DÚCTIL CIERRE ELÁST. VÁSTAGO ACERO INOXIDABLE   DN 250     "
100385753,"VÁLVULA CPTA.BB, HO.DÚCTIL CIERRE ELÁST. VÁSTAGO ACERO INOXIDABLE   DN 50"
10038575301,"VÁLVULA CPTA.BB, HO.DÚCTIL CIERRE ELÁST. VÁSTAGO ACERO INOXIDABLE   DN 50      "
100385755,"VÁLVULA CPTA.BB, HO.DÚCTIL CIERRE ELÁST. VÁSTAGO ACERO INOXIDABLE   DN 150"
10038575505,VÁLVULA DE PURGA  DN 150 COMPUERTA TIPO BRIDADA DE HIERRO DUCTIL C/ ELASTOMERO 
100385756,"VÁLVULA CPTA.BB, HO.DÚCTIL CIERRE ELÁST. VÁSTAGO ACERO INOXIDABLE   DN 200"
10038575601,"VÁLVULA CPTA.BB, HO.DÚCTIL CIERRE ELÁST. VÁSTAGO ACERO INOXIDABLE   DN 200     "
1003860,INSTALACION DE VALVULA CHECK
100386035,VÁLVULA CHECK TIPO BB CON CIERRE RÁPIDO   DN 150
10038603505,VÁLVULA CHECK TIPO BB CON CIERRE RÁPIDO PN 25  DN 150 
1003863,INSTALACION DE CAUDALIMETROS
100386305,MEDIDOR DE CAUDAL SEGÚN CARACTERISTICAS   DN 150
10038630510,MEDIDOR DE CAUDAL MAGNETICO PN 16 TUBULAR BRIDADO   DN 150
100386306,MEDIDOR DE CAUDAL SEGÚN CARACTERISTICAS   DN 200
10038630601,MEDIDOR  ELECTROMAGNETICO PN 16 TUBULAR BRIDADO  DN 200     
1003869,"INSTALACION DE EMPALMES, ACOPLES"
100386970,ACCESORIO PARA EMPALME DE TUBERIA
10038697014,SUMINISTRO ACERO A-36 PARA PUENTE COLGANTE
1003873,UNIÓN PARA EQUIPAMIENTO HIDRAULICO
100387307,UNIÓN DE DESMONTAJE AUTOPORTANTE   DN 200
10038730701,UNION DE DESMONTAJE AUTOPORTANTE DN 200 MM
1003879,BRIDA DE ACERO PARA SOLDAR
100387945,BRIDA DE ACERO PARA SOLDAR-ROMPE AGUA DN 150
10038794501,BRIDA DE ACERO PARA SOLDAR-ROMPE AGUA DN 150
1003883,CANASTILLAS  BRIDADAS
100388358,CANASTILLA DE BRONCE TIPO BRIDADA   DN 200
10038835801,CANASTILLA DE BRONCE TIPO BRIDADA   DN 200  
1003885,ABRAZADERA DE ACERO
100388580,VENTILACION CON TUBERIA DE ACERO
10038858003,VENTILACION CON TUBERIA DE ACERO SEGUN DISEÑO DN 150
1003886,"FILTRO EN ""Y"" ACERO-FILTRO DE AMPLIO PASO"
100388673,FILTRO DE AMPLIO PASO BB PN 16 DN 200  
10038867301,FILTRO DE AMPLIO PASO BB PN 16 DN 200 SEGUN ESPECIFICACIONES (PROTECCION DE SISTEMA DE AGUA POTABLE)
1003889, FIERRO FUNDIDO I
100388906,TRANSICIÓN DE FO.FUNDIDO CAMPANA-BRIDADA DN  200
10038890601,TRANSICION DE FO. FUNDIDO CAMPANA-BRIDADA DN 200
100388964,INSTALACIÓN DE ACCESORIOS DE FO. FUNDIDO DN  200  - 250
10038896410,INSTALACION DE ACCESORIOS DE HO. DUCTIL DN 200 - 250
100388965,INSTALACIÓN DE ACCESORIOS DE FO. FUNDIDO DN  300  - 350
10038896550,"SUMINISTRO E INSTALACION DE TEE DE FIERRO FUNDIDO BRIDADO DE 14"" X 14"""
10038896551,"SUMINISTRO E INSTALACION DE CODO DE FIERRO FUNDIDO BRIDADA DE 14"""
1003890, FIERRO FUNDIDO II
100389001,TEE DE FIERRO FUNDIDO DN 50
10038900103,TEE DE FIERRO FUNDIDO TIPO BRIDADO (BB) DN 50X50
1003891,CAMARAS DE BOMBEO Y VALVULAS
100389103,ACCESORIOS  PARA CAMARA
10038910302,MARCO Y TAPA HO. DUCTIL DI=0.60 M CON MECANISMO DE SEGURIDAD 
100389144,CAMARAS PARA VALVULAS DE PURGA EN TERRENO NORMAL
10038914407,CÁMARA PARA VÁLVULA DE PURGA TERR-NORMAL E.D. CARG+VOLQ. P/MATRÍZ DN  100  A  400
10040,OBRAS DE SANEAMIENTO ALCANTARILLADO
1004002,SUMINISTRO DE TUBERIA PVC-U UF NTP ISO 4435 - SAL LIVIANA - SAL PESADA
100400206,TUBERÍA PVC-U UF NTP ISO 4435  SN 2  DN 160
10040020601,TUBERÍA PVC-U UF NTP ISO 4435  SN 2  DN 150 incl. anillo + desperdicios
100400207,TUBERÍA PVC-U UF NTP ISO 4435  SN 2  DN 200
10040020701,TUBERÍA PVC-U UF NTP ISO 4435  SN 2  DN 200 incl. anillo + desperdicios
100400208,TUBERÍA PVC-U UF NTP ISO 4435  SN 2  DN 250
10040020801,TUBERÍA PVC-U UF NTP ISO 4435  SN 2  DN 250 incl. anillo + desperdicios
100400209,TUBERÍA PVC-U UF NTP ISO 4435  SN 2  DN 315
10040020901,TUBERÍA PVC-U UF NTP ISO 4435  SN 2  DN 300 incl. anillo + desperdicios
100400210,TUBERÍA PVC-U UF NTP ISO 4435  SN 2  DN 355
10040021001,TUBERÍA PVC-U UF NTP ISO 4435  SN 2  DN 350 incl. anillo + desperdicios
100400211,TUBERÍA PVC-U UF NTP ISO 4435  SN 2  DN 400
10040021151,"SUMINISTRO E INSTALACION DE TUBERIA PVC-U UF NTP ISO 4435 SN 2, DN= 400 MM"
100400281,INSTALACIÓN DE TUBERÍA DE PVC P/DESAGÜE    DN 160   INCLUYE PRUEBA HIDRÁULICA
10040028101,INSTALACIÓN DE TUBERÍA DE PVC P/DESAGÜE    DN 150   INCLUYE PRUEBA HIDRÁULICA
1004020,PRUEBAS HIDRAULICAS DESAGUE
100402008,PRUEBA HIDRAULICA DE TUBERIA P/DESAGUE DN 150
10040200801,PRUEBA HIDRAULICA DE TUBERIA P/DESAGUE DN 150
100402009,PRUEBA HIDRAULICA DE TUBERIA P/DESAGUE DN 200
10040200901,PRUEBA HIDRAULICA DE TUBERIA P/DESAGUE DN 200
1004032,CONSTRUCCION E INSTALACION DE BUZONES TIPO I TERRENO NORMAL
100403251,"BUZON I T. NORMAL A MAQ. 1,26 A 1,50 m PROFUNDIDAD (ENCOF. EXTER E INTERIOR)"
10040325101,"BUZON I T. NORMAL A MAQ. 1,26 A 1,50 m PROFUNDIDAD (ENCOF. EXTER E INTERIOR)"
1004070,CONEXIONES DOMICILIARIAS DE DESAGUE
100407005,CONEXION DOMICILIARIA DE DESAGUE CONVENCIONAL T-NORMAL
10040700501,CONEXION DOMICILIARIA DE DESAGUE CONVENCIONAL T-NORMAL
100407035,SUMINISTRO DE CAJA DE CONCRETO SIMPLE Y TAPA DE CONCRETO ARMADO
10040703505,SUMINISTRO DE CAJA DE CONCRETO SIMPLE Y TAPA DE CONCRETO ARMADO DE 0.30MX0.60M
100407040,INSTALACION DE CAJA Y TAPA DE REGISTRO DE 0.30 X 0.60 M EN TERRENO NORMAL
10040704001,INSTALACION DE CAJA Y TAPA DE REGISTRO DE 0.30 X 0.60 M EN TERRENO NORMAL
1004076,INSTALACIÓN DE ELEMENTO DE EMPOTRAMIENTO PARA CONEXIÓN DESAGUE
100407603,INSTALACIÓN DE ELEMENTO DE EMPOTRAMIENTO DE TUBERÍA PVC-U  DN  150  A  200
10040760301,INSTALACIÓN DE ELEMENTO DE EMPOTRAMIENTO DE TUBERÍA PVC-U  DN  150  A  200
100407604,INSTALACIÓN DE ELEMENTO DE EMPOTRAMIENTO DE TUBERÍA PVC-U  DN  100  A  150
10040760415,SUMINISTRO DE ELEMENTO DE EMPOTRAMIENTO DE TUBERÍA PVC-U  DN 150
1004080,SUMINISTRO E INSTALACION DE EQUIPOS DE BOMBEO
100408011,ELECTROBOMBA SUMERGIBLE
10040801175,"ELECTROBOMBA SUMERGIBLE Q=50 l/s, ADT=27.50 m., POT=35 hp"
10056,TRANSFORMADORES Y CELDAS
1005680,SUBESTACIONES ELECTRICAS EN B.T Y M.T
100568010,SISTEMA ELECTRICO  DE B.T. Y M.T INCLUYE SUBESTACION DE TRANSFORMACION /RESERVORIO
10056801001,SISTEMA ELECTRICO  DE B.T. Y M.T INCLUYE SUBESTACION DE TRANSFORMACION /RESERVORIO
1005695,GRUPOS ELECTROGENOS
100569560,GRUPO ELECTRONGENO DE 200 KW
10056956001,GRUPO ELECTROGENO DE 176 kW
10058,TABLEROS ELECTRICOS
1005806,TABLERO DE INSTRUMENTACION
100580695,SUMINISTRO DE TABLEROS PARA INSTRUMENTACION
10058069580,SUMINISTRO DE TABLERO ELECTRICO CON PLC PARA TAMIZ
1005812,TABLERO DE ARRANQUE Y PARADA DE BOMBAS
100581298,SUMINISTRO DE TABLERO DE ARRANQUE Y PARADA PARA BOMBAS
10058129801,HABILITACION DE CIRCUITO ELECTRICO EN TABLERO EXISTENTE 
1005816,TABLERO DE CONTROL
100581661,TABLERO ELECTRICO DE CONTROL PRINCIPAL T.C.P PARA CAMARAS DE DESAGUES CD-1 Y CD-2
10058166101,TABLERO ELECTRICO DE CONTROL PRINCIPAL T.C.P PARA CAMARAS DE DESAGUES CD-1 Y CD-2 (SISTEMA INTEGRADO)
10064,ELECTRICIDAD
1006402,SUMINISTRO E INSTALACION DE POSTES DE C.A.C.
100640298,SUMINISTRO DE POSTES DE CONCRETO ARMADO CENTRIFUGADO
10064029819,POSTES DE CONCRETO ARMADO CENTRIFUGADO DE 9/300
1006470,SUMINISTRO E INSTALACION DE PUESTA A TIERRA
100647033,POZO A TIERRA
10064703301,POZO A TIERRA
10068,AUTOMATIZACION
1006812,SUMINISTRO E INSTALACION EQUIPOS PARA AREA DE CONTROL
100681260,SISTEMA SCADA PARA PTAR
10068126002,SISTEMA SCADA PARA PTAR PUENTE PIEDRA 
10093,OTROS
1009301,DRENES
100930102,Dren de sub presión
10093010201,"DREN DE SUB PRESION D=2"""
